slug,title,target_query,intent,page_type,serp_holder,displaceable,our_angle,priority,territory,cannibalization,status
dock-star-alternative,Dock Star Alternative for Mac,dock star alternative,commercial,alternative,none,high,Dock Star themes the Dock; we rebuild it so profile tiles and per-display docks work,1,alternatives,CHECK: free-mac-dock-alternative,planned
launchos-alternative,LaunchOS Alternative for Mac,launchos alternative,commercial,alternative,none,high,LaunchOS is a launcher shell; we are Apple's Dock rebuilt with Chrome profile separation,1,alternatives,clean,planned
chrome-profile-dock-icons-mac,Separate Dock Icons for Each Chrome Profile on Mac,separate dock icon for each chrome profile mac,informational,answer,forum,high,Draws its own Dock tiles so each profile gets a real tile with its own avatar from one Chrome process,1,chrome-profiles,CHECK: separate-dock-icon-for-each-chrome-profile-mac,planned
chrome-profiles-one-dock-icon-why,Why All Your Chrome Profiles Share One Dock Icon,why do all chrome profiles have the same dock icon,informational,answer,forum,high,Explains the one-process cause and the only fix that does not clone Chrome,1,chrome-profiles,CHECK: chrome-profiles-on-mac-like-windows,planned
pin-chrome-profile-to-dock,How to Pin a Chrome Profile to the Dock on macOS,pin chrome profile to dock mac,informational,answer,vendor-help,high,"Makes a profile a first-class pinnable tile, not an alias that opens the wrong profile",1,chrome-profiles,CHECK: separate-dock-icon-for-each-chrome-profile-mac,planned
switch-chrome-profiles-mac,How to Switch Chrome Profiles Fast on a Mac,how to switch chrome profiles mac,informational,answer,forum,high,One click on a per-profile tile replaces the profile-picker round trip,1,chrome-profiles,CHECK: chrome-profiles-on-mac-like-windows,planned
cmd-tab-chrome-profiles,Why Cmd-Tab Cannot Separate Your Chrome Profiles,cmd tab between chrome profiles mac,informational,answer,forum,high,Cmd-Tab is process-based; a per-profile tile gives the same gesture without a second process,1,chrome-profiles,CHECK: chrome-profiles-on-mac-like-windows,planned
multiple-chrome-profiles-mac-guide,Managing Multiple Chrome Profiles on macOS,multiple chrome profiles mac,informational,pillar,small-app-site,med,End-to-end guide ending with per-profile tiles rather than cloned instances,1,chrome-profiles,CHECK: chrome-profiles-on-mac-like-windows,planned
chrome-profiles-vs-user-data-dir,Chrome Profiles vs user-data-dir Instances,chrome profile vs user-data-dir,comparison,comparison,forum,high,Measured RAM and login cost of a second instance versus one process with separate tiles,1,chrome-profiles,CHECK: chrome-profiles-on-mac-like-windows,planned
chrome-profiles-as-apps-in-dock,Browser Profiles as Separate Apps in the Dock,different browser profiles as different apps in dock,informational,answer,forum,high,"Exactly our product, and the thread has no product answering it",1,chrome-profiles,CHECK: chrome-profiles-on-mac-like-windows,planned
macos-removed-per-profile-dock-icons-truth,Did macOS Remove Per-Profile Browser Dock Icons,macos removed separate dock icons browser profiles,informational,answer,forum,high,Corrects a widely cited false claim and shows what actually changed,1,chrome-profiles,CHECK: separate-dock-icon-for-each-chrome-profile-mac,planned
parallel-spaces-alternative,Parallel Spaces Alternative for Mac,parallel spaces alternative mac,comparison,alternative,vendor,med,Parallel Spaces clones the app and its data; we give tiles to profiles you already have,1,chrome-profiles,CHECK: superdock-vs-parallel-spaces,planned
clone-vs-wrap-vs-redraw-chrome-profiles,Three Ways to Run Chrome Profiles as Separate Apps,best way to run chrome profiles as separate apps mac,comparison,comparison,vendor,med,"Three architectures compared: clone, wrap, and re-draw the Dock",1,chrome-profiles,CHECK: chrome-profiles-on-mac-like-windows,planned
can-i-have-two-chrome-icons-in-dock,Can I Have Two Chrome Icons in the Dock,can i have two chrome icons in dock mac,informational,answer,forum,high,"Yes, one per profile, with one Chrome process behind them",1,chrome-profiles,CHECK: separate-dock-icon-for-each-chrome-profile-mac,planned
chrome-profile-dock-icons-without-second-instance,Per-Profile Dock Icons Without a Second Chrome,chrome profile dock icon without second instance,informational,answer,none,high,Our core differentiator stated as the query itself,1,chrome-profiles,CHECK: separate-dock-icon-for-each-chrome-profile-mac,planned
mac-equivalent-windows-snap-assist,Mac Equivalent of Windows Snap Assist,mac equivalent of windows snap,informational,comparison,reddit,med,NONE,1,dock-windows,clean,planned
windows-open-on-wrong-monitor,Mac Windows Keep Opening on the Wrong Monitor,mac windows open on wrong monitor,troubleshooting,answer,publisher,low,NONE,1,dock-windows,clean,planned
menu-bar-second-monitor-fullscreen,Menu Bar Shows on the Second Monitor in Full Screen,hide menu bar second monitor fullscreen mac,troubleshooting,answer,forum,high,NONE,1,dock-windows,CHECK: dock-not-showing-on-second-monitor-mac,planned
exit-fullscreen-mac-stuck,Mac Stuck in Full Screen Cannot Exit,mac stuck in fullscreen cant exit,troubleshooting,answer,apple-discussions,high,NONE,1,dock-windows,clean,planned
fullscreen-app-second-space-annoying,Full Screen Apps Making Their Own Space,fullscreen app creates new space mac,informational,answer,reddit,high,NONE,1,dock-windows,clean,planned
best-mac-apps-for-video-editors,Best Mac Apps for Video Editors,best mac apps for video editors,commercial-investigate,listicle,publisher,low,NONE PCMag holds the editorial slot and the list is NLE software,1,listicles,clean,planned
mac-taskbar-badges-notifications,Taskbar-Style Notification Badges on macOS,mac dock notification badges,informational,answer,forum,med,NONE,1,switchers,clean,planned
window-wont-maximize-properly,Window Will Not Maximize Without Full Screen,maximize window mac without fullscreen,troubleshooting,answer,apple-discussions,high,NONE this is tiling territory,1,troubleshooting,clean,planned
windows-restore-wrong-size,Windows Reopen at the Wrong Size,mac windows reopen wrong size,troubleshooting,answer,apple-discussions,high,NONE per-app state we do not manage,1,troubleshooting,clean,planned
monitor-arrangement-resets-mac,Display Arrangement Resets Every Reconnect,mac display arrangement keeps resetting,troubleshooting,answer,apple-discussions,high,NONE,1,troubleshooting,clean,planned
mouse-side-buttons-not-working-mac,Mouse Side Buttons Do Nothing on Mac,mouse extra buttons not working mac,troubleshooting,answer,reddit,high,NONE input remapping,1,troubleshooting,CHECK: alt-tab-not-working-on-mac,planned
keyboard-shortcut-greyed-out-mac,Keyboard Shortcut Greyed Out in System Settings,keyboard shortcut greyed out mac,troubleshooting,answer,apple-discussions,high,NONE,1,troubleshooting,clean,planned
mac-slow-after-wake-dock-unresponsive,Mac Unresponsive for 30 Seconds After Waking,mac slow unresponsive after wake,troubleshooting,answer,reddit,high,NONE broad system behaviour,1,troubleshooting,clean,planned
mac-app-outside-app-store-safe,Is It Safe to Install Mac Apps From Outside the App Store,is it safe to download mac apps outside the app store,informational,answer,publisher,low,NONE fold into the App Store page rather than compete with Apple and Intego,1,trust-buying,clean,planned
employer-see-mac-apps,Can My Employer See Apps I Install on a Work Mac,can my employer see what apps i install,informational,answer,vendor,low,NONE reduce to one FAQ line; MDM can see it and we should not pretend otherwise,1,trust-buying,clean,planned
superdock-review,Superdock Review,superdock review,commercial,answer,none,low,NONE we cannot write our own review; seed genuine third-party coverage instead,1,trust-buying,clean,planned
media-buyer-ad-accounts,NONE media buyers need fingerprint isolation,manage multiple ad accounts browser,commercial,answer,vendor,low,NONE their real problem is fingerprint and IP isolation requiring an antidetect browser,1,verticals,clean,planned
amazon-seller-multiple-accounts,NONE Amazon multi-account,multiple amazon seller accounts one computer,commercial,answer,reddit,low,NONE dominant use case is running accounts Amazon policy restricts. Avoid entirely,1,verticals,clean,planned
recruiter-multiple-ats,NONE recruiters,recruiter multiple ats accounts,commercial,answer,reddit,low,NONE the quote was a job seeker not a recruiter. No evidence of profile-per-tenant use,1,verticals,clean,planned
realtor-brokerage-personal,NONE real estate agents,realtor brokerage personal email separate,commercial,answer,reddit,low,"NONE every thread is about Google Business Profile SEO, not workflow",1,verticals,clean,planned
taskbar-app-alternative,Taskbar Alternative for Mac,taskbar mac app alternative,commercial,alternative,vendor,med,Taskbar gives you a Windows taskbar; we keep the Mac looking like a Mac and separate Chrome profiles,2,alternatives,clean,planned
boringbar-alternative,boringBar Alternative for Mac,boringbar alternative,commercial,alternative,forum,med,boringBar is a per-Space taskbar; we keep the Dock shape and add per-profile tiles,2,alternatives,clean,planned
rambox-alternative-page,Rambox Alternative for Mac,rambox alternative,commercial,alternative,aggregator,low,Rambox is a multi-app workspace browser; we only separate Chrome profiles in the Dock at one-time pricing,2,alternatives,clean,planned
witch-alternative,Witch Alternative for Mac,witch alternative mac,commercial,alternative,vendor,low,Witch is a keyboard switcher only; our profile tiles give a persistent target per identity,2,alternatives,clean,planned
rcmd-alternative,rcmd Alternative for Mac,rcmd alternative,commercial,alternative,vendor,low,rcmd jumps to apps by letter which collapses all Chrome profiles to one key,2,alternatives,clean,planned
dockflow-alternative,DockFlow Alternative for Mac,dockflow alternative,commercial,alternative,vendor,med,DockFlow swaps saved Dock presets and is free; we change what a Dock tile can be,2,alternatives,clean,planned
dockgroups-alternative,DockGroups Alternative for Mac,dockgroups alternative,commercial,alternative,vendor,med,DockGroups launches app groups from the existing Dock; we replace the Dock itself,2,alternatives,clean,planned
dockify-alternative,Dockify Alternative for Mac,dockify alternative,commercial,alternative,producthunt,med,Dockify switches saved Dock layouts; we change what a tile can represent,2,alternatives,clean,planned
sidebar-app-alternative,Sidebar Alternative for Mac,sidebar app mac alternative,commercial,alternative,vendor,med,Sidebar is a vertical app rail; we are the Dock with one tile per Chrome profile,2,alternatives,clean,planned
dockspark-alternative,DockSpark Alternative for Mac,dockspark alternative,commercial,alternative,none,high,DockSpark has no profile separation; our dock is free and the paid feature is one icon per Chrome profile,2,alternatives,clean,planned
profilelauncher-alternative-page,ProfileLauncher Alternative for Mac,profilelauncher alternative,commercial,alternative,none,high,ProfileLauncher launches profiles from a menu; we give each a persistent tile with avatar and window list,2,alternatives,clean,planned
chrome-profile-shortcut-macos,Chrome Profile Shortcuts on macOS: Every Method Compared,chrome profile shortcut macos,informational,listicle,vendor-help,high,"Ranks AppleScript, alias, SSB and Dock-replacement methods by which survives a Chrome update",2,chrome-profiles,CHECK: separate-dock-icon-for-each-chrome-profile-mac,planned
chrome-profile-keyboard-shortcut-mac,Is There a Keyboard Shortcut to Switch Chrome Profiles,chrome profile keyboard shortcut mac,informational,answer,small-app-site,med,Answers honestly that there is none and shows the Dock-click path,2,chrome-profiles,CHECK: separate-dock-icon-for-each-chrome-profile-mac,planned
chrome-profile-name-in-window-switcher,Show Which Chrome Profile a Window Belongs To,chrome show profile name in window switcher mac,informational,answer,forum,high,Per-profile tile and hover window list label every window by profile,2,chrome-profiles,CHECK: separate-dock-icon-for-each-chrome-profile-mac,planned
work-personal-browser-separation-mac,Keeping Work and Personal Browsing Separate on a Mac,separate work and personal browser mac,informational,pillar,vendor,med,Profiles solve data separation; we solve the switching friction,2,chrome-profiles,clean,planned
chrome-profiles-vs-separate-browsers,Chrome Profiles vs Using Two Different Browsers,chrome profiles vs separate browsers work personal,comparison,comparison,publisher,med,Profiles win once the Dock-switching gap is closed,2,chrome-profiles,CHECK: chrome-profiles-on-mac-like-windows,planned
chrome-second-instance-memory-mac,What a Second Chrome Instance Actually Costs in RAM,chrome second instance memory usage mac,informational,answer,forum,high,Publishes our own measurement of a cloned instance versus one process,2,chrome-profiles,clean,planned
multiple-google-accounts-mac,Managing Multiple Google Accounts on a Mac,multiple google accounts mac,informational,pillar,forum,high,"Profile per account plus a tile per profile, no signed-out surprises",2,chrome-profiles,clean,planned
browser-for-multiple-google-accounts,The Best Browser Setup for Multiple Google Accounts,browser for multiple google accounts,commercial,listicle,forum,high,Recommends a setup rather than a browser switch,2,chrome-profiles,clean,planned
freelancer-client-browser-separation,Browser Setup for Freelancers Juggling Client Accounts,manage multiple client accounts browser freelancer,informational,answer,vendor,med,"A per-client profile with its own tile, no per-client subscription",2,chrome-profiles,clean,planned
unbundle-alternative,Unbundle Alternative for Chrome Profiles,unbundle app alternative chrome profiles,comparison,alternative,small-app-site,med,Unbundle builds wrapper apps per profile; we add tiles without a second Chrome,2,chrome-profiles,clean,planned
epichrome-alternative,Epichrome Alternative for Mac,epichrome alternative mac,comparison,alternative,github,med,Epichrome creates standalone Chrome apps with their own data dirs; we do not duplicate the browser,2,chrome-profiles,clean,planned
profilelauncher-alternative,ProfileLauncher Alternative,profilelauncher mac alternative,comparison,alternative,forum,high,ProfileLauncher launches profiles; we give each a persistent Dock presence with window lists,2,chrome-profiles,clean,planned
shift-app-alternative,Shift App Alternative for Mac,shift app alternative mac,alternative,alternative,vendor,med,Shift is a subscription wrapper browser; we are one-time and keep your real Chrome,2,chrome-profiles,clean,planned
wavebox-alternative,Wavebox Alternative for Mac,wavebox alternative mac cheaper,alternative,alternative,vendor,med,Wavebox replaces your browser yearly; we cost $7.99 once and keep Chrome,2,chrome-profiles,clean,planned
best-chrome-profile-managers-mac,Best Chrome Profile Managers for Mac,best chrome profile manager mac,commercial,listicle,small-app-site,med,"A ranked list including our own, honest about which duplicate Chrome",2,chrome-profiles,CHECK: separate-dock-icon-for-each-chrome-profile-mac,planned
is-there-a-way-chrome-profile-own-icon,Can Each Chrome Profile Have Its Own Icon,is there a way to have different icons for chrome profiles,informational,answer,forum,high,"Yes, via a Dock replacement that reads the profile avatar",2,chrome-profiles,CHECK: separate-dock-icon-for-each-chrome-profile-mac,planned
how-to-see-chrome-profile-windows-separately,See Each Chrome Profile's Windows Separately,see chrome windows by profile mac,informational,answer,forum,high,Hover a profile tile and get only that profile's windows,2,chrome-profiles,CHECK: chrome-profiles-on-mac-like-windows,planned
chrome-profile-tools-mac-roundup,Every Tool That Gives Chrome Profiles a Mac Identity,chrome profile apps mac,commercial,listicle,vendor,med,The only roundup separating instance-cloners from Dock-level tools,2,chrome-profiles,CHECK: separate-dock-icon-for-each-chrome-profile-mac,planned
mac-dock-icon-bouncing-stop,How to Stop Dock Icons Bouncing on Mac,stop dock icons bouncing mac,informational,answer,reddit,high,NONE,2,dock-windows,CHECK: separate-dock-icon-for-each-chrome-profile-mac,planned
mac-equivalent-windows-virtual-desktops,Mac Equivalent of Windows Virtual Desktops,windows virtual desktops mac equivalent,informational,answer,forum,med,NONE,2,dock-windows,clean,planned
stage-manager-windows-disappearing,Stage Manager Windows Keep Disappearing,stage manager windows disappearing,troubleshooting,answer,reddit,high,NONE,2,dock-windows,clean,planned
turn-off-stage-manager-tahoe,Turn Off Stage Manager in macOS Tahoe,disable stage manager macos tahoe,informational,answer,publisher,low,NONE,2,dock-windows,clean,planned
mac-dock-stacks-grid-vs-fan,Dock Stacks: Grid Fan or List,dock stack grid fan list mac,informational,answer,publisher,low,Folder tiles open a grid without the stack quirks,2,dock-windows,clean,planned
empty-trash-from-dock-not-working,Empty Trash From the Dock Not Working,empty trash from dock mac not working,troubleshooting,answer,apple-discussions,med,Trash tile empties through Finder automation,2,dock-windows,CHECK: click-empty-dock-space-mission-control-show-desktop,planned
best-mac-apps-for-writers,Best Mac Apps for Writers,best mac apps for writers,commercial-investigate,listicle,publisher,low,"NONE writing-tool list, a dock utility does not belong",2,listicles,clean,planned
best-mac-notch-apps,Best Mac Notch Apps,best mac apps for the notch,commercial-investigate,listicle,small-app-site,high,"NONE honestly for the notch itself, worth recording, these small-app-site lists are linkable and reciprocal",2,listicles,clean,planned
best-mac-clipboard-managers,Best Mac Clipboard Managers,best mac clipboard manager,commercial-investigate,listicle,reddit,med,"NONE clipboard category, no honest dock slot",2,listicles,clean,planned
best-mac-screenshot-apps,Best Mac Screenshot Apps,best mac screenshot apps,commercial-investigate,listicle,reddit,med,NONE screenshot category,2,listicles,clean,planned
activedock-alternative-switcher,ActiveDock Alternative for macOS,activedock alternative,commercial,alternative,small-app-site,low,Free and maintained with previews and Option-Tab in one app,2,switchers,clean,planned
bettertab-alternative,BetterTab Alternative,bettertab alternative,commercial,alternative,small-app-site,low,We are a Dock replacement first so switching works with mouse or keyboard,2,switchers,clean,planned
tabtab-alternative,TabTab Alternative,tabtab alternative mac,commercial,alternative,small-app-site,low,Hover previews plus a persistent visible window row,2,switchers,clean,planned
switchi-alternative,Switchi Alternative,switchi alternative,commercial,alternative,vendor,low,No gesture to learn; windows are visible and previewed on hover,2,switchers,clean,planned
hoptab-alternative,HopTab Alternative,hoptab alternative,commercial,alternative,forum,low,"We do switching and previews only, so nothing fights your window manager",2,switchers,clean,planned
dock-too-big-cant-resize,Mac Dock Too Big and Will Not Resize,mac dock too big cant resize,troubleshooting,answer,apple-discussions,high,"Native fix, the slider is capped by screen width; we decouple icon size from the cap",2,troubleshooting,clean,planned
cant-empty-trash-from-dock,Cannot Empty Trash From the Dock,empty trash from dock not working mac,troubleshooting,answer,apple-discussions,high,"Native fix, usually a locked file, plus the Finder automation permission",2,troubleshooting,CHECK: click-empty-dock-space-mission-control-show-desktop,planned
chrome-dock-icon-stuck-light-mode,Chrome Dock Icon Stuck in Light Mode,chrome dock icon wrong appearance mac,troubleshooting,answer,publisher,med,Native icon cache fix; our dock re-fetches themed icons live,2,troubleshooting,CHECK: separate-dock-icon-for-each-chrome-profile-mac,planned
chrome-not-showing-in-dock,Chrome Will Not Show in the Dock,chrome missing from dock mac,troubleshooting,answer,reddit,high,Native fix plus how our dock distinguishes a pin from a running instance,2,troubleshooting,CHECK: separate-dock-icon-for-each-chrome-profile-mac,planned
finder-wont-open-new-window,Finder Will Not Open a New Window,finder not opening mac,troubleshooting,answer,apple-discussions,high,Native relaunch plus our Finder tile surviving a relaunch,2,troubleshooting,clean,planned
switching-spaces-animation-slow,Space Switching Animation Is Slow,mac space switch animation slow,troubleshooting,answer,reddit,high,"Native fix, Reduce Motion removes the slide",2,troubleshooting,clean,planned
apps-relaunch-on-login-unwanted,Apps Keep Reopening on Login,apps reopen on startup mac stop,troubleshooting,answer,apple-discussions,high,"Native fix, the reopen windows checkbox plus Login Items",2,troubleshooting,clean,planned
menu-bar-only-on-one-screen,Menu Bar Only Shows on One Monitor,menu bar not showing on second monitor mac,troubleshooting,answer,apple-discussions,high,NONE,2,troubleshooting,clean,planned
external-monitor-not-detected-after-sleep,External Monitor Not Detected After Sleep,mac external monitor not detected after sleep,troubleshooting,answer,apple-discussions,high,NONE hardware and display link territory,2,troubleshooting,CHECK: dock-not-showing-on-second-monitor-mac,planned
windows-shuffle-when-monitor-disconnects,Windows Pile Onto One Screen When a Monitor Disconnects,mac windows move to one screen when monitor disconnected,troubleshooting,answer,reddit,high,NONE,2,troubleshooting,clean,planned
cant-move-window-between-spaces,Cannot Drag a Window to Another Desktop,move window to another space mac not working,troubleshooting,answer,apple-discussions,high,NONE,2,troubleshooting,clean,planned
menu-bar-icons-disappearing-mac,Menu Bar Icons Keep Disappearing,menu bar icons missing mac,troubleshooting,answer,reddit,high,NONE,2,troubleshooting,clean,planned
mac-apps-under-10-worth-buying,Mac Apps Under $10 Actually Worth Buying,cheap mac apps under 10 worth buying,commercial,listicle,small-app-site,low,FLAG self-serving unless genuinely edited and we do not top our own list,2,trust-buying,clean,planned
crypto-wallet-profiles-dock,One Dock Icon Per Wallet Profile,separate chrome profile per crypto wallet mac,informational,answer,reddit,med,Weak. Their motivation is security isolation which we do not provide,2,verticals,clean,planned
two-jobs-one-mac-profiles,Keep Two Jobs Separate On One Mac,two jobs one laptop browser separation,informational,answer,reddit,med,"Use neutral two jobs language, never the overemployed subculture name",2,verticals,clean,planned
station-alternative,Station Alternative for Mac,station app alternative,commercial,alternative,roundup,high,Station was discontinued and its users are still looking; we solve the separate icon per identity without a new browser,3,alternatives,clean,planned
sessionbox-alternative-page,SessionBox Alternative for Mac,sessionbox alternative,commercial,alternative,vendor,med,SessionBox multiplies sessions inside tabs; we separate existing profiles at the Dock level with no extension and no account,3,alternatives,clean,planned
coherence-alternative-page,Coherence Alternative for Mac,coherence app alternative,commercial,alternative,vendor,med,Coherence packages a site into its own Chrome app creating a second Chrome; we separate profiles inside the one you run,3,alternatives,clean,planned
switchglass-alternative,SwitchGlass Alternative for Mac,switchglass alternative,commercial,alternative,vendor,med,"SwitchGlass is an app switcher panel not a Dock, and groups all Chrome profiles into one entry",3,alternatives,clean,planned
dockmate-alternative,DockMate Alternative for Mac,dockmate alternative,commercial,alternative,vendor,med,DockMate adds previews from the same vendor as the abandoned cDock; we are maintained and notarized,3,alternatives,clean,planned
extradock-alternative,ExtraDock Alternative for Mac,extradock alternative,commercial,alternative,vendor,low,ExtraDock adds a second dock beside Apple's; we replace it and separate Chrome profiles without a second Chrome,3,alternatives,clean,planned
infynidock-alternative,InfyniDock Alternative for Mac,infynidock alternative,commercial,alternative,vendor,low,InfyniDock is window-first switching; we keep Apple's look and add per-profile tiles,3,alternatives,clean,planned
hyperswitch-vs-alttab,HyperSwitch vs AltTab,hyperswitch vs alttab,comparison,comparison,forum,high,HyperSwitch is abandoned and AltTab is its successor; the migration path in one page,3,alternatives,clean,planned
ubar-vs-taskbar,uBar vs Taskbar for Mac,ubar vs taskbar mac,comparison,comparison,vendor,high,A neutral read on two Windows-taskbar clones plus the Dock-shaped third option neither offers,3,alternatives,clean,planned
dockdoor-vs-dockmate,DockDoor vs DockMate,dockdoor vs dockmate,comparison,comparison,none,high,Free and maintained versus paid and stalled for the same hover-preview job,3,alternatives,clean,planned
alttab-vs-witch,AltTab vs Witch,alttab vs witch,comparison,comparison,none,high,Free open source against a paid staple judged on window-level switching,3,alternatives,clean,planned
switchglass-vs-alttab,SwitchGlass vs AltTab,switchglass vs alttab,comparison,comparison,none,high,A persistent panel against a keyboard switcher and why neither can split a Chrome process,3,alternatives,clean,planned
ubar-vs-boringbar,uBar vs boringBar,ubar vs boringbar,comparison,comparison,forum,high,A commercial taskbar against a free per-Space bar judged on what each actually does,3,alternatives,clean,planned
infynidock-vs-dockdoor,InfyniDock vs DockDoor,infynidock vs dockdoor,comparison,comparison,vendor,med,Paid window-first switching against a free preview tool from a third party with no stake,3,alternatives,clean,planned
superdock-vs-rectangle,Superdock vs Rectangle: Different Jobs,rectangle vs dock app mac,comparison,comparison,vendor,low,NONE,3,alternatives,clean,planned
rectangle-vs-magnet,Rectangle vs Magnet,rectangle vs magnet,comparison,comparison,forum,high,NONE,3,alternatives,clean,planned
firefox-profile-dock-icon-mac,Firefox Profiles and the Single Dock Icon Problem,firefox multiple profiles separate dock icon mac,informational,answer,forum,high,NONE,3,chrome-profiles,CHECK: separate-dock-icon-for-each-chrome-profile-mac,planned
safari-profiles-vs-chrome-profiles,Safari Profiles vs Chrome Profiles on macOS,safari profiles vs chrome profiles,comparison,comparison,vendor,low,Honest comparison; Chrome profiles gain per-profile tiles with Superdock,3,chrome-profiles,CHECK: chrome-profiles-on-mac-like-windows,planned
brave-profile-dock-icon-mac,Separate Dock Icons for Brave Profiles on Mac,brave separate profile dock icon mac,informational,answer,forum,high,Brave is Chromium so the same tile approach applies where titles carry the profile,3,chrome-profiles,CHECK: separate-dock-icon-for-each-chrome-profile-mac,planned
chrome-link-opens-wrong-profile-mac,Why Chrome Opens Links in the Wrong Profile on Mac,chrome opens link in wrong profile mac,informational,answer,forum,high,NONE,3,chrome-profiles,CHECK: separate-dock-icon-for-each-chrome-profile-mac,planned
open-chrome-specific-profile-command-line,Open a Specific Chrome Profile from the Command Line,open chrome with specific profile mac terminal,informational,answer,publisher,med,Shows why the open -n flag spawns a second process and what that costs,3,chrome-profiles,CHECK: separate-dock-icon-for-each-chrome-profile-mac,planned
one-dock-icon-per-process-macos,Why macOS Gives One Dock Icon Per Process,macos one dock icon per application why,informational,answer,forum,med,The architectural explanation behind every profile-Dock complaint,3,chrome-profiles,CHECK: separate-dock-icon-for-each-chrome-profile-mac,planned
two-gmail-accounts-side-by-side-mac,Running Two Gmail Accounts Side by Side on a Mac,two gmail accounts at once mac,informational,answer,forum,med,"Two profiles, two tiles, one Chrome process",3,chrome-profiles,clean,planned
agency-multiple-client-google-workspace,Keeping Client Workspace Accounts Separate on One Mac,multiple client google workspace accounts one computer,informational,answer,vendor,med,Per-client profile tiles instead of per-client browser installs,3,chrome-profiles,clean,planned
consultant-two-workspaces-one-mac,Working Two Jobs on One Mac: Browser Identity Setup,two jobs one laptop browser separation,informational,answer,forum,high,Profile tiles make the current identity visible at a glance,3,chrome-profiles,clean,planned
coherence-x-alternative,Coherence X Alternative,coherence x alternative chrome apps mac,comparison,alternative,vendor,low,Coherence makes site-specific apps; we make profile-specific tiles for the real browser,3,chrome-profiles,clean,planned
sessionbox-alternative,SessionBox Alternative for Mac,sessionbox alternative mac,alternative,comparison,vendor,med,SessionBox targets anti-detect multi-accounting; we target identity clarity. No fingerprint isolation,3,chrome-profiles,clean,planned
ghost-browser-alternative,Ghost Browser Alternative for Mac,ghost browser alternative mac cheaper,alternative,comparison,vendor,med,Ghost Browser is a separate paid browser for session isolation; we add Dock identity to Chrome,3,chrome-profiles,clean,planned
parall-alternative,Parall Alternative for Chrome Profiles,parall app mac chrome profiles,comparison,alternative,small-app-site,high,Parall launches profile instances; we avoid the second instance entirely,3,chrome-profiles,clean,planned
chrome-schismator-still-work,Does chrome-schismator Still Work in 2026,chrome schismator mac,informational,answer,github,high,Tests the 2015 script on current macOS and shows the modern equivalent,3,chrome-profiles,clean,planned
chrome-profile-avatar-not-showing-dock,Chrome Profile Avatars Do Not Appear in macOS,chrome profile avatar mac dock,informational,answer,forum,high,Renders the profile avatar on the Dock tile itself,3,chrome-profiles,CHECK: separate-dock-icon-for-each-chrome-profile-mac,planned
do-chrome-profiles-use-more-memory,Do Chrome Profiles Use More Memory Than One Profile,do chrome profiles use more ram,informational,answer,forum,med,"Profiles share a process, cloned instances do not. Measured numbers",3,chrome-profiles,CHECK: chrome-profiles-on-mac-like-windows,planned
chrome-profiles-for-testing-qa-mac,Chrome Profiles for QA and Multi-Tenant Testing,chrome profiles for testing multiple accounts,informational,answer,forum,med,Tile per profile makes the active tenant visible without spawning instances,3,chrome-profiles,CHECK: chrome-profiles-on-mac-like-windows,planned
browser-identity-mistakes-posting-wrong-account,Avoiding the Wrong-Account Post,posted from wrong account browser mistake,informational,answer,none,med,A visible per-profile tile is the cheapest guard against wrong-identity actions,3,chrome-profiles,clean,planned
mac-equivalent-windows-pin-to-taskbar,Mac Equivalent of Pin to Taskbar,pin to taskbar mac equivalent,informational,answer,forum,high,"Pins any app, folder or Chrome profile to a persistent slot",3,dock-windows,clean,planned
cant-rearrange-dock-icons,Cannot Drag or Rearrange Dock Icons on Mac,cant rearrange dock icons mac,troubleshooting,answer,apple-stackexchange,high,Drag reorder works on every tile kind,3,dock-windows,CHECK: chrome-profile-dock-icons-mac,planned
dock-magnification-not-working,Dock Magnification Not Working on Mac,dock magnification not working,troubleshooting,answer,forum,high,Separate setting that works when the system one is stuck,3,dock-windows,CHECK: dock-not-showing-on-second-monitor-mac,planned
folder-stack-not-showing-contents,Dock Folder Stack Not Showing Contents,dock stack not showing files mac,troubleshooting,answer,apple-discussions,high,Folder tiles read the folder live,3,dock-windows,CHECK: dock-not-showing-on-second-monitor-mac,planned
move-trash-in-dock,Can You Move the Trash in the Mac Dock,move trash icon dock mac,informational,answer,apple-stackexchange,high,The Trash tile is an ordinary tile you can place anywhere,3,dock-windows,clean,planned
stage-manager-hides-dock-previews,Window Previews Break With Stage Manager On,dock previews not working stage manager,troubleshooting,answer,forum,high,Reads windows through Accessibility so previews survive,3,dock-windows,CHECK: dock-window-previews-on-hover-mac,planned
mac-fullscreen-vs-maximize,Full Screen vs Maximize on Mac,mac fullscreen vs maximize difference,informational,answer,apple-stackexchange,high,Reserves the dock strip so maximized windows stop at the dock,3,dock-windows,clean,planned
tahoe-dock-running-indicator-dots,Tahoe Running Indicator Dots Are Hard to See,dock running dots macos tahoe,troubleshooting,answer,reddit,high,Own running indicators measured against Apple's,3,dock-windows,CHECK: windows-go-under-dock-macos-tahoe,planned
tahoe-dock-recent-apps-section,Turn Off Recent Apps in the Tahoe Dock,hide recent apps dock macos tahoe,informational,answer,publisher,low,Running row is explicit with no surprise recents section,3,dock-windows,CHECK: windows-go-under-dock-macos-tahoe,planned
mac-window-management-without-tiling,Mac Window Management Without a Tiling App,mac window management app,commercial,pillar,publisher,low,Solves finding and switching windows rather than arranging them,3,dock-windows,clean,planned
stage-manager-vs-spaces,Stage Manager vs Spaces: Which One to Use,stage manager vs spaces mac,informational,comparison,publisher,med,Window switcher and per-tile lists cover the switching,3,dock-windows,clean,planned
mission-control-vs-dock-previews,Mission Control vs Dock Hover Previews,mission control alternative mac,informational,comparison,publisher,med,Hover previews show one app's windows without every window,3,dock-windows,CHECK: dock-window-previews-on-hover-mac,planned
add-applications-folder-to-dock-tahoe,Add an Applications Folder Stack to the Dock,applications folder in dock macos tahoe,informational,answer,publisher,low,Pins any folder as a browsable stack tile,3,dock-windows,CHECK: windows-go-under-dock-macos-tahoe,planned
best-mac-apps-for-streamers,Best Mac Apps for Streamers,best mac apps for streamers,commercial-investigate,listicle,none,med,Slot minor: streamers run many Chrome profiles (brand vs personal) and a clean dock on a shared screen,3,listicles,clean,planned
dockmate-alternative-page,DockMate Alternative: Free Dock Previews,dockmate alternative,commercial,alternative,small-app-site,med,"Free, and previews come from our own Dock rather than a fragile overlay",3,switchers,clean,planned
rcmd-alternative-page,rcmd Alternative: Switching Without a Letter Hotkey,rcmd alternative mac,commercial,alternative,small-app-site,med,rcmd is app-level letter jumps; we add window-level switching,3,switchers,clean,planned
command-tab-plus-alternative,Command-Tab Plus Alternative,command tab plus alternative,commercial,alternative,small-app-site,med,"Same window-level switching, free, plus a Dock row",3,switchers,clean,planned
manico-alternative,Manico Alternative: Switching Without Hotkeys,manico alternative mac,commercial,alternative,small-app-site,med,Manico needs a letter per app; our tiles are mouse-first,3,switchers,clean,planned
ctrl-vs-cmd-mac,Ctrl or Cmd on Mac: Why Shortcuts Feel Wrong,ctrl vs cmd mac windows switcher,informational,answer,forum,med,Explains the modifier split so you relearn correctly,3,switchers,clean,planned
mac-mouse-differences,Mouse and Trackpad Differences: Windows vs Mac,mac mouse differences from windows,informational,answer,forum,med,"Right-click, natural scrolling and middle-click gaps",3,switchers,clean,planned
finder-cut-paste,Why You Cannot Cut and Paste Files in Finder,cut and paste files mac finder,informational,answer,forum,high,The Cmd-Option-V move explained plainly,3,switchers,clean,planned
mac-alt-tab-keyboard-only,Switching Windows Without Leaving the Keyboard,mac window switching keyboard only,informational,answer,forum,med,Option-Tab plus built-ins mapped to Windows habits,3,switchers,CHECK: alt-tab-on-mac,planned
mac-switcher-permissions,Why Switchers Need Accessibility Permission,mac app switcher accessibility permission,informational,answer,forum,med,What the permission does and does not expose,3,switchers,clean,planned
mac-switcher-privacy,Are Mac Window Switchers Safe,is alttab safe mac,informational,answer,forum,med,An honest read of what Accessibility and Screen Recording grant,3,switchers,clean,planned
windows-key-equivalent-mac,What Is the Windows Key Equivalent on a Mac,windows key equivalent mac,informational,answer,forum,high,Covers Command and what Win-Tab and Win-number map to,3,switchers,clean,planned
pin-apps-to-dock-vs-taskbar,Pinning Apps: Windows Taskbar vs Mac Dock,pin apps to mac dock,informational,answer,apple-discussions,med,The pinning model differs and this is where confusion starts,3,switchers,clean,planned
mac-show-desktop-shortcut,Show Desktop on Mac Like the Windows Corner Click,show desktop mac shortcut,informational,answer,forum,high,Our Dock end zones do it with one click,3,switchers,CHECK: click-empty-dock-space-mission-control-show-desktop,planned
mac-switcher-for-designers,Best Switcher for Designers With 20 Files Open,mac window switcher many windows,commercial,listicle,forum,med,Previews plus grouping make the twenty-window case navigable,3,switchers,clean,planned
mac-switcher-for-developers,Window Switching for Developers,mac window switcher for developers,commercial,listicle,forum,med,Per-project titles and Chrome-profile tiles map onto a dev's window set,3,switchers,clean,planned
dock-magnification-not-working-ts,Dock Magnification Not Working,dock magnification not working mac,troubleshooting,answer,apple-discussions,high,Our dock has its own display-link magnification that works when Apple's is broken,3,troubleshooting,CHECK: dock-not-showing-on-second-monitor-mac,planned
dock-shows-question-mark-icon,Dock Shows a Question Mark Instead of an App,mac dock question mark icon,troubleshooting,answer,apple-discussions,high,"Native fix, the alias points at a moved app",3,troubleshooting,CHECK: separate-dock-icon-for-each-chrome-profile-mac,planned
running-app-dots-not-showing,Dock Indicator Dots Not Showing,dock dots not showing running apps mac,troubleshooting,answer,apple-discussions,high,Native toggle plus our dock drawing its own dots per display,3,troubleshooting,CHECK: dock-not-showing-on-second-monitor-mac,planned
dock-recent-apps-wont-turn-off,Recent Applications Will Not Disappear From the Dock,turn off recent apps in dock mac,troubleshooting,answer,apple-discussions,high,Native toggle plus our dock having no forced recents section,3,troubleshooting,clean,planned
dock-stacks-not-expanding,Dock Folder Stacks Will Not Expand,dock stack not opening mac,troubleshooting,answer,apple-discussions,high,Our folder stacks do not depend on the Dock process being healthy,3,troubleshooting,CHECK: dock-not-showing-on-second-monitor-mac,planned
dock-hides-behind-fullscreen-app,Dock Stuck Hidden After Leaving a Full-Screen App,dock wont come back after fullscreen mac,troubleshooting,answer,reddit,high,Native fix plus our dock being a separate process unaffected by full-screen state,3,troubleshooting,CHECK: best-dock-app-for-mac,planned
dock-empty-after-login,Mac Dock Is Empty After Logging In,mac dock empty after login,troubleshooting,answer,apple-discussions,high,"Native fix, the plist is corrupt, and how to back it up first",3,troubleshooting,CHECK: click-empty-dock-space-mission-control-show-desktop,planned
trash-icon-missing-from-dock-ts,Trash Icon Missing From the Dock,trash disappeared from dock mac,troubleshooting,answer,apple-discussions,high,Native fix plus our dock drawing Trash as its own tile,3,troubleshooting,CHECK: separate-dock-icon-for-each-chrome-profile-mac,planned
dock-takes-forever-to-show-autohide-delay,Dock Takes Too Long to Appear With Auto-Hide On,mac dock slow to appear autohide delay,troubleshooting,answer,stackexchange,high,Native fix with the exact defaults values,3,troubleshooting,CHECK: click-empty-dock-space-mission-control-show-desktop,planned
cant-switch-windows-within-app,How to Switch Between Windows of the Same App,switch windows same app mac shortcut,informational,answer,stackexchange,med,"Native Command-backtick, and that it skips minimized windows while our switcher does not",3,troubleshooting,CHECK: switch-between-windows-same-app-mac,planned
laptop-screen-dock-when-lid-closed,Dock Disappears in Clamshell Mode,mac dock missing clamshell mode,troubleshooting,answer,reddit,high,Our dock rebuilds on screen changes and reuses the surviving display,3,troubleshooting,clean,planned
app-assigned-to-wrong-desktop,App Keeps Opening on the Wrong Desktop,app opens on wrong desktop mac,troubleshooting,answer,apple-discussions,high,Native fix via the Options Assign To submenu most people never find,3,troubleshooting,clean,planned
stage-manager-wont-turn-off,Stage Manager Keeps Turning Itself On,stage manager keeps turning on mac,troubleshooting,answer,reddit,high,Native fix plus our edge action binding it deliberately,3,troubleshooting,clean,planned
safari-windows-all-look-the-same,Telling Safari Windows Apart on Mac,switch between safari windows mac,troubleshooting,answer,apple-discussions,high,Hover previews with per-window captions cover Safari like any app,3,troubleshooting,CHECK: switch-between-windows-same-app-mac,planned
command-tab-shows-wrong-apps,Command-Tab Shows Apps I Closed,command tab shows closed apps mac,troubleshooting,answer,reddit,high,Our switcher lists live windows rather than the app list,3,troubleshooting,clean,planned
command-backtick-not-working,Command-Backtick Not Cycling Windows,command backtick not working mac,troubleshooting,answer,stackexchange,high,"Native fix, the shortcut is layout dependent while our switcher is not",3,troubleshooting,CHECK: alt-tab-not-working-on-mac,planned
app-switcher-too-slow-mac,Mac App Switcher Is Too Slow With Many Apps Open,mac app switcher slow too many apps,troubleshooting,answer,reddit,high,A window-level switcher is fewer keystrokes than app then window,3,troubleshooting,CHECK: mac-app-switcher-with-thumbnails,planned
three-finger-swipe-not-working,Three-Finger Swipe Not Working,three finger swipe mission control not working,troubleshooting,answer,apple-discussions,high,Native fix plus edge actions as a mouse-only alternative,3,troubleshooting,CHECK: alt-tab-not-working-on-mac,planned
tccutil-reset-accessibility,How to Reset Accessibility Permissions on Mac,reset accessibility permissions mac terminal,informational,answer,stackexchange,high,The exact tccutil invocation and what it does and does not clear,3,troubleshooting,clean,planned
app-damaged-cant-be-opened-mac,App Is Damaged and Cannot Be Opened,app is damaged and cant be opened mac,troubleshooting,answer,reddit,high,"Native fix, the quarantine attribute, and why notarization avoids it",3,troubleshooting,clean,planned
unidentified-developer-macos-26,Developer Cannot Be Verified on Tahoe,developer cannot be verified mac tahoe,troubleshooting,answer,apple-discussions,high,The Privacy and Security Open Anyway flow changed in macOS 26,3,troubleshooting,clean,planned
tahoe-dock-settings-moved,Dock Settings Moved in macOS 26,where are dock settings macos tahoe,informational,answer,apple-discussions,high,"A settings relocation guide, honest that the answer is Desktop and Dock",3,troubleshooting,CHECK: windows-go-under-dock-macos-tahoe,planned
tahoe-icon-style-not-changing,Mac Icon Style Will Not Change in macOS 26,icon appearance not changing macos tahoe,troubleshooting,answer,apple-discussions,high,There is no per-app icon style and no public API to request one,3,troubleshooting,clean,planned
tahoe-dock-performance-regression,Dock Feels Slower After Updating to macOS 26,dock slow after tahoe update,troubleshooting,answer,reddit,high,Our dock is a separate process not inheriting the Liquid Glass compositing cost,3,troubleshooting,CHECK: windows-go-under-dock-macos-tahoe,planned
superdock-not-working-macos-update,Superdock After a macOS Update,superdock not working after macos update,troubleshooting,answer,none,high,A macOS update can reset permission grants and that looks exactly like a logic bug,3,trust-buying,CHECK: alt-tab-not-working-on-mac,planned
one-time-purchase-vs-subscription-mac,One-Time Purchase vs Subscription Mac Apps,one time purchase mac apps vs subscription,commercial,comparison,vendor,med,We are a one-time example not a neutral authority; name the failure mode honestly,3,trust-buying,clean,planned
best-mac-dock-replacement-reddit,What Reddit Actually Recommends for Dock Replacements,best mac dock replacement app reddit,commercial,comparison,reddit,low,FLAG needs social proof we lack. Only honest angle is the category gap,3,trust-buying,CHECK: free-mac-dock-replacement-no-subscription,planned
school-personal-account-mix-up,Never Post From The Wrong Google Account Again,keep school and personal google account separate chrome,informational,answer,reddit,high,"Direct on the wrong-account fear, though teachers are a low-money audience",3,verticals,clean,planned
hyperswitch-alternative,HyperSwitch Alternative for Mac,hyperswitch alternative,commercial,alternative,forum,high,HyperSwitch is unmaintained and breaks on current macOS; our switcher ships in a notarized updated app,4,alternatives,clean,planned
activedock-alternative,ActiveDock Alternative for Mac,activedock alternative,commercial,alternative,aggregator,med,ActiveDock is paid with no per-profile Chrome separation; our dock is free and profile tiles are $7.99 once for 5 Macs,4,alternatives,clean,planned
dockfix-alternative,DockFix Alternative for Mac,dockfix alternative,commercial,alternative,vendor,med,"DockFix restyles the Dock; we rebuild it, so per-profile tiles are possible where a restyler structurally cannot",4,alternatives,clean,planned
dockdoor-alternative,DockDoor Alternative for Mac,dockdoor alternative,commercial,alternative,github,med,"DockDoor adds previews to Apple's Dock and stops there; we replace it so profile tiles, per-display docks and edge actions are possible",4,alternatives,clean,planned
alttab-alternative,AltTab Alternative for Mac,alttab alternative,commercial,alternative,github,med,"AltTab is an excellent free switcher and we ship one too, but it cannot separate Chrome profiles because they share a process",4,alternatives,clean,planned
ghost-browser-alternative-page,Ghost Browser Alternative for Mac,ghost browser alternative,commercial,alternative,aggregator,med,Ghost Browser is a subscription browser you must switch to; we keep Chrome and give each profile a Dock icon for $7.99 once,4,alternatives,clean,planned
shift-alternative-page,Shift Alternative for Mac,shift app alternative,commercial,alternative,aggregator,med,Shift is a subscription wrapper browser; we leave Chrome alone and give each profile its own Dock icon once,4,alternatives,clean,planned
wavebox-alternative-page,Wavebox Alternative for Mac,wavebox alternative,commercial,alternative,aggregator,med,Wavebox is about $98 a year for a separate browser; we are $7.99 once and keep your existing Chrome,4,alternatives,clean,planned
setapp-dock-app-alternative,Setapp Dock App Alternative: Pay Once Instead,setapp dock app alternative,commercial,alternative,vendor,med,Setapp is monthly forever and bundles no Chrome profile tool; our dock is free and the profile feature is $7.99 once,4,alternatives,CHECK: free-mac-dock-alternative,planned
chrome-schismator-alternative,chrome-schismator Alternative in 2026,chrome schismator alternative,commercial,alternative,github,high,A 2015 shell script making user-data-dir launchers; we do it natively against your existing profiles,4,alternatives,clean,planned
do-i-need-a-window-manager-and-a-dock,Do You Need a Window Manager and a Dock Replacement,rectangle and dock app together mac,comparison,comparison,none,high,"Rectangle tiles windows and we replace the Dock; they solve different problems and run together, which nobody publishes",4,alternatives,CHECK: dock-window-previews-on-hover-mac,planned
ubar-vs-activedock,uBar vs ActiveDock,ubar vs activedock,comparison,comparison,none,high,Neither separates Chrome profiles; we say so and name the honest winner for each job,4,alternatives,clean,planned
alttab-vs-contexts,AltTab vs Contexts,alttab vs contexts,comparison,comparison,vendor,high,"Contexts is discontinued, AltTab is free and alive, and neither can split one Chrome process into profiles",4,alternatives,clean,planned
hyperdock-vs-dockmate,HyperDock vs DockMate,hyperdock vs dockmate,comparison,comparison,none,high,Both preview tools are stalled and one vendor also abandoned cDock; maintenance matters more than features,4,alternatives,clean,planned
ghost-browser-vs-sessionbox,Ghost Browser vs SessionBox,ghost browser vs sessionbox,comparison,comparison,aggregator,high,Two subscription session tools compared honestly with the one-time Dock-level option named at the end,4,alternatives,clean,planned
shift-vs-wavebox,Shift vs Wavebox,shift vs wavebox,comparison,comparison,aggregator,med,Both are subscription browsers; the cheaper answer is keeping Chrome and separating the Dock icons,4,alternatives,clean,planned
cdock-vs-dockfix,cDock vs DockFix: Dead vs Current,cdock vs dockfix,comparison,comparison,none,high,"cDock needs SIP off and stopped in 2020, DockFix is current, and neither separates Chrome profiles",4,alternatives,clean,planned
setapp-vs-payonceapps,Setapp vs Buying Mac Apps Once,setapp vs one time purchase mac apps,comparison,comparison,vendor,med,The subscription versus own argument with our own one-time pricing as the worked example,4,alternatives,clean,planned
edge-profile-dock-icon-mac,Separate Dock Icons for Edge Profiles on Mac,edge separate dock icon per profile mac,informational,answer,forum,high,NONE,4,chrome-profiles,CHECK: separate-dock-icon-for-each-chrome-profile-mac,planned
google-account-keeps-switching,Why Google Keeps Switching You to the Wrong Account,google keeps switching to wrong account,informational,answer,forum,high,NONE,4,chrome-profiles,clean,planned
chrome-profiles-multiple-desktops-spaces,Assigning Chrome Profiles to Different Spaces,chrome profile different desktop space mac,informational,answer,forum,high,NONE,4,chrome-profiles,CHECK: chrome-profiles-on-mac-like-windows,planned
firefox-profile-icon-cmd-tab,How to Tell Firefox Profiles Apart in Cmd-Tab,firefox profile icon cmd tab mac,informational,answer,forum,high,NONE,4,chrome-profiles,CHECK: separate-dock-icon-for-each-chrome-profile-mac,planned
firefox-profile-switching-friction,Why Firefox Users Avoid Profiles,firefox profile switching too hard,informational,answer,forum,high,NONE,4,chrome-profiles,clean,planned
safari-profiles-dock-mac,Safari Profiles and the Dock,safari profiles dock icon mac,informational,answer,vendor,med,NONE,4,chrome-profiles,clean,planned
edge-profiles-mac-vs-windows,Why Edge Profile Pinning Works on Windows but Not Mac,edge profile pin to taskbar mac,informational,answer,vendor,med,NONE,4,chrome-profiles,CHECK: chrome-profiles-on-mac-like-windows,planned
brave-link-opens-wrong-profile,Brave Opens Links in the Wrong Profile,brave link opens wrong profile,informational,answer,forum,high,NONE,4,chrome-profiles,clean,planned
route-links-to-right-chrome-profile-mac,Routing Links to the Right Chrome Profile,open links in specific chrome profile mac,informational,listicle,forum,high,NONE,4,chrome-profiles,CHECK: separate-dock-icon-for-each-chrome-profile-mac,planned
macos-dock-per-profile-feature-request,"The Per-Profile Dock Icon Feature Request, Answered",mozilla connect per profile dock icon,navigational,answer,forum,high,"Documents the standing requests across Chrome, Firefox and Edge and why none shipped",4,chrome-profiles,CHECK: separate-dock-icon-for-each-chrome-profile-mac,planned
dock-icons-not-updating-tahoe,Dock Icons Not Updating on macOS Tahoe,dock icons not updating mac,informational,answer,apple-discussions,high,Superdock draws its own tiles and re-fetches icons on the system icon-style change,4,dock-windows,CHECK: chrome-profile-dock-icons-mac,planned
minimize-to-app-icon-vs-separate-tile,Minimize to App Icon or Separate Dock Tile,minimize windows into application icon mac,informational,answer,superuser,high,Superdock keeps minimized windows reachable from the app tile,4,dock-windows,CHECK: separate-dock-icon-for-each-chrome-profile-mac,planned
hide-vs-minimize-mac,Hide vs Minimize on Mac: The Actual Difference,mac hide vs minimize difference,informational,answer,superuser,high,Hidden Apps pane makes hidden apps visible again,4,dock-windows,clean,planned
find-hidden-app-windows-mac,Where Did My Hidden App Window Go on Mac,find hidden window mac,informational,answer,apple-discussions,high,Hidden Apps lists every hidden app,4,dock-windows,CHECK: switch-between-windows-same-app-mac,planned
mac-equivalent-windows-aero-peek,Mac Equivalent of Windows Aero Peek,mac equivalent of aero peek,informational,answer,forum,high,Hover previews are the direct Aero Peek equivalent,4,dock-windows,clean,planned
dock-autohide-delay-fix,Fix the Mac Dock Auto-Hide Delay Without Terminal,mac dock autohide delay,informational,answer,apple-stackexchange,med,"Superdock's dock shows instantly, no defaults write",4,dock-windows,clean,planned
dock-autohide-not-working,Mac Dock Auto-Hide Not Working,dock autohide not working mac,troubleshooting,answer,apple-discussions,high,Own dock autohides independently of the system Dock,4,dock-windows,CHECK: dock-not-showing-on-second-monitor-mac,planned
dock-wont-hide-fullscreen,Dock Keeps Appearing Over Full Screen Apps,dock shows in fullscreen mac,troubleshooting,answer,apple-discussions,high,"Hides with the fullscreen space, does not fight for the edge",4,dock-windows,clean,planned
dock-icons-reorder-themselves,Mac Dock Icons Keep Rearranging Themselves,dock icons rearrange themselves mac,troubleshooting,answer,apple-discussions,high,Pin order persists explicitly,4,dock-windows,CHECK: chrome-profile-dock-icons-mac,planned
launchpad-gone-tahoe-folder-stacks,Launchpad Is Gone in Tahoe: Use Dock Folder Stacks,launchpad replacement macos tahoe,informational,answer,small-app-site,med,Folder tiles give grouped app launching from the dock,4,dock-windows,clean,planned
trash-missing-from-dock,Trash Icon Missing From the Mac Dock,trash icon missing from dock mac,troubleshooting,answer,apple-discussions,high,Own Trash tile with full and empty state,4,dock-windows,clean,planned
displays-have-separate-spaces-explained,Displays Have Separate Spaces: What It Changes,displays have separate spaces mac,informational,answer,apple-discussions,high,Per-display running-apps scope under either setting,4,dock-windows,clean,planned
click-wallpaper-hides-windows,Clicking the Desktop Hides All My Windows,click wallpaper reveal desktop mac disable,troubleshooting,answer,small-app-site,med,Edge-click tap swallows the wallpaper click in the dock band,4,dock-windows,clean,planned
mission-control-windows-too-small,Mission Control Windows Are Too Small to Tell Apart,mission control windows too small mac,troubleshooting,answer,reddit,high,Per-app hover previews scope the choice to one app,4,dock-windows,CHECK: click-empty-dock-space-mission-control-show-desktop,planned
hot-corners-triggering-accidentally,Hot Corners Keep Triggering By Accident,hot corners triggering accidentally mac,troubleshooting,answer,apple-discussions,high,Dock edge actions need a deliberate click,4,dock-windows,clean,planned
hot-corners-vs-dock-edges,Hot Corners vs Clickable Dock Edges,mac hot corners alternative,commercial,comparison,none,high,Mission Control and Show Desktop on the dock ends,4,dock-windows,clean,planned
tahoe-dock-liquid-glass-hard-to-see,The Tahoe Liquid Glass Dock Is Hard to See,macos tahoe dock too transparent,troubleshooting,answer,publisher,med,Dock tint follows light and dark and takes a manual override,4,dock-windows,CHECK: windows-go-under-dock-macos-tahoe,planned
tahoe-dock-separator-lines-gone,Tahoe Removed the Dock Separator Lines,dock separator missing macos tahoe,troubleshooting,answer,forum,high,Real spacer and divider tiles you place by dragging,4,dock-windows,CHECK: windows-go-under-dock-macos-tahoe,planned
tahoe-dock-wont-stay-hidden,Tahoe Dock Will Not Stay Hidden,dock keeps appearing macos tahoe,troubleshooting,answer,apple-discussions,high,Hides the system Dock with a watchdog that restores it,4,dock-windows,CHECK: windows-go-under-dock-macos-tahoe,planned
system-dock-hidden-but-still-triggers,System Dock Still Triggers After Hiding It,hide macos dock completely,troubleshooting,answer,forum,high,Owns the edge so the system Dock never re-triggers,4,dock-windows,clean,planned
dock-clutter-too-many-running-apps,Too Many Running Apps Cluttering the Dock,hide running apps from mac dock,informational,answer,forum,med,Hidden Apps keeps chosen apps off the row while they keep running,4,dock-windows,clean,planned
macos-dock-complete-guide,The Complete Guide to the macOS Dock in 2026,macos dock guide,informational,pillar,publisher,low,Pillar covering every dock behaviour and where macOS has no setting,4,dock-windows,clean,planned
macos-26-tahoe-dock-changes,Every Dock Change in macOS 26 Tahoe,macos tahoe dock changes,informational,pillar,publisher,med,A measured account of what Tahoe changed and what has no setting,4,dock-windows,CHECK: windows-go-under-dock-macos-tahoe,planned
switch-windows-across-spaces-mac,Switch to a Window on Another Space Without Jumping,switch windows across spaces mac,informational,answer,apple-stackexchange,high,Window list names every window across spaces,4,dock-windows,CHECK: switch-between-windows-same-app-mac,planned
best-mac-apps-for-adhd,Best Mac Apps for ADHD Focus,best mac apps for adhd focus,commercial-investigate,listicle,small-app-site,high,Slot as environment control: hiding the system Dock and cutting a cluttered icon row reduces visual noise,4,listicles,clean,planned
best-mac-apps-for-macbook-air,Best Mac Apps for a MacBook Air,best mac apps for macbook air,commercial-investigate,listicle,small-app-site,high,"Slot: lightweight native dock, no Electron, matters on a fanless Air",4,listicles,clean,planned
witch-alternative-page,Witch Alternative: Free Window Switchers,witch app alternative mac,commercial,alternative,vendor,med,Witch is paid and keyboard-only; we give the same switching free with visible tiles,4,switchers,clean,planned
hyperdock-alternative-2026,HyperDock Alternative for Mac in 2026,hyperdock alternative,commercial,alternative,small-app-site,high,HyperDock died with the old Dock API; we draw our own Dock so previews cannot break,4,switchers,clean,planned
dockdoor-alternative-page,DockDoor Alternative: Previews Without Patching Apple's Dock,dockdoor alternative,commercial,alternative,reddit,med,DockDoor overlays Apple's Dock; we replace it so previews and per-display tiles are native,4,switchers,clean,planned
mac-taskbar-alternative,Mac Taskbar Alternative for Multi-Monitor Setups,mac taskbar alternative,commercial,alternative,small-app-site,med,"A real Dock on every display with per-display running apps, free",4,switchers,clean,planned
free-mac-switchers,7 Free Mac Window Switchers That Are Maintained,free window switcher mac,commercial,listicle,reddit,high,Half the apps people recommend are abandoned; we flag which still build,4,switchers,clean,planned
what-windows-users-miss-on-mac,What Windows Users Miss Most After Switching,what windows users miss on mac,informational,answer,reddit,high,The six habits that break and which are fixable,4,switchers,clean,planned
windows-to-mac-keyboard-map,Windows to Mac Keyboard Shortcut Translation,windows to mac keyboard shortcuts equivalent,informational,answer,publisher,med,A one-screen map grouped by task,4,switchers,clean,planned
finder-vs-explorer,Finder vs File Explorer: 11 Differences,finder vs windows explorer differences,informational,answer,publisher,med,"Written as fixes, not complaints",4,switchers,clean,planned
mac-red-x-does-not-close,Why the Red X Does Not Close Apps on Mac,red x button mac does not close app,informational,answer,apple-discussions,high,Explains the app-versus-window model and how a visible window row makes it obvious,4,switchers,clean,planned
mac-window-list-always-visible,Can You Keep a Window List Always Visible,always visible window list mac,informational,answer,forum,high,"Yes, with a Dock that lists windows rather than only apps",4,switchers,clean,planned
option-tab-vs-command-tab,Option-Tab vs Command-Tab on Mac,option tab mac switcher,informational,answer,none,med,We ship Option-Tab so it coexists with Apple's Command-Tab,4,switchers,clean,planned
dock-jumping-monitors-page,Stop the Dock Jumping Between Monitors,mac dock keeps moving to other monitor,informational,answer,forum,high,The Spaces setting that causes it and the per-display alternative,4,switchers,CHECK: dock-on-both-monitors-mac,planned
mac-taskbar-thumbnails,Windows Taskbar Thumbnails on macOS,taskbar thumbnails mac,informational,answer,reddit,high,"Yes, and why Apple's Dock cannot do it natively",4,switchers,clean,planned
switcher-thumbnail-previews,Mac Switchers That Show Window Thumbnails,mac app switcher with thumbnails,commercial,comparison,reddit,high,"Compares thumbnail quality, refresh and permission cost",4,switchers,clean,planned
mac-group-windows-by-app,Grouping Windows by App Like the Windows Taskbar,group windows by app mac,informational,answer,forum,high,Our tile holds every window of an app and lists them on hover,4,switchers,CHECK: switch-between-windows-same-app-mac,planned
mac-switcher-minimized-windows,Getting Minimized Windows Into Your Switcher,mac switcher include minimized windows,informational,answer,forum,high,Minimized windows stay listed on their tile and in Option-Tab,4,switchers,CHECK: why-cmd-tab-does-not-show-minimized-windows-mac,planned
win-tab-equivalent-mac,Win-Tab Equivalent on Mac,win tab equivalent mac,informational,answer,forum,high,"Mission Control is not Task View, and the one behaviour it never restores",4,switchers,clean,planned
why-cmd-tab-feels-slow,Why Command-Tab Feels Slower Than Alt-Tab,command tab slow mac,informational,answer,reddit,high,"It is an app switcher not a window switcher, so every switch costs a step",4,switchers,CHECK: why-cmd-tab-does-not-show-minimized-windows-mac,planned
windows-11-habits-that-break-on-mac,10 Windows 11 Habits That Break on Mac,windows 11 to mac differences,informational,listicle,publisher,med,Habit by habit rather than feature by feature,4,switchers,clean,planned
mac-for-windows-power-users,macOS for Windows Power Users,macos for windows power users,informational,pillar,forum,med,"For people who used Win-number, snap layouts and taskbar pinning",4,switchers,clean,planned
best-free-mac-dock-replacements,Best Free Mac Dock Replacements,mac dock replacement,commercial,listicle,small-app-site,med,"The category roundup from inside it, honest about who does tiling",4,switchers,CHECK: free-mac-dock-replacement-no-subscription,planned
alttab-vs-superdock,AltTab vs Superdock,alttab vs superdock,comparison,comparison,none,high,AltTab is hotkey-only; we give the persistent row plus the switcher,4,switchers,CHECK: superdock-vs-alttab,planned
dock-shows-on-wrong-screen-after-undocking,Dock Moves to the Wrong Screen After Unplugging a Monitor,mac dock wrong screen after disconnecting monitor,troubleshooting,answer,reddit,high,Our per-display docks survive display changes,4,troubleshooting,clean,planned
dock-icons-wrong-order-after-restart,Dock Icons Keep Reordering After Restart,mac dock icons change order after restart,troubleshooting,answer,apple-discussions,high,Our pinned order is stored in our own file so a Dock crash cannot scramble it,4,troubleshooting,CHECK: chrome-profile-dock-icons-mac,planned
dock-wont-respond-to-clicks,Mac Dock Not Responding to Clicks,mac dock not responding to clicks,troubleshooting,answer,apple-discussions,high,"Native fix plus what actually hangs it, an unresponsive app blocking the Dock main thread",4,troubleshooting,clean,planned
app-icons-missing-from-dock,App Icons Missing or Blank in the Dock,app icons missing from dock mac,troubleshooting,answer,apple-discussions,high,Native icon cache rebuild; our dock reads icons live per launch,4,troubleshooting,CHECK: chrome-profile-dock-icons-mac,planned
cant-remove-app-from-dock,Cannot Remove an App From the Dock,cant remove app from dock mac keeps coming back,troubleshooting,answer,reddit,high,It is a running app not a pin; we make the pinned versus running distinction explicit,4,troubleshooting,CHECK: earning-from-mac-app-reviews,planned
dock-separator-spacer-missing,Dock Spacers and Separators on macOS 26,add spacer to mac dock tahoe,troubleshooting,answer,reddit,high,"We ship spacers and flexible spacers as first-class tiles, no Terminal needed",4,troubleshooting,clean,planned
dock-lags-when-hovering,Mac Dock Is Laggy or Stutters on Hover,mac dock laggy stuttering hover,troubleshooting,answer,reddit,high,We drive hover animation off a display link rather than sparse mouse events,4,troubleshooting,clean,planned
window-opens-off-screen-mac,Window Opens Off Screen and I Cannot Drag It Back,window off screen mac cant move it,troubleshooting,answer,apple-discussions,high,Native fix plus why the saved frame persists,4,troubleshooting,clean,planned
app-window-wont-come-to-front,Clicking the Dock Icon Does Not Bring the Window Forward,clicking dock icon doesnt show window mac,troubleshooting,answer,apple-discussions,high,Our tile click raises a specific window rather than the app,4,troubleshooting,clean,planned
window-titles-all-identical,All My Browser Windows Look Identical in the Switcher,all chrome windows look the same mac,troubleshooting,answer,reddit,high,Our previews caption each window with its workspace and detail,4,troubleshooting,clean,planned
app-hidden-cant-unhide,Hidden App Will Not Come Back on Mac,how to unhide an app on mac,troubleshooting,answer,apple-discussions,high,Hidden Apps gives hidden apps a visible clickable home,4,troubleshooting,clean,planned
running-apps-show-on-both-monitors,Dock Shows Every App Even Ones on the Other Screen,mac dock show only apps on this screen,troubleshooting,answer,none,high,Per-display running-apps scope filters each dock to that screen,4,troubleshooting,CHECK: dock-on-both-monitors-mac,planned
displays-have-separate-spaces-confusion,Should Displays Have Separate Spaces Be On or Off,displays have separate spaces on or off mac,informational,answer,reddit,high,The tradeoff table and how our per-display dock removes the main reason to turn it off,4,troubleshooting,clean,planned
dock-wrong-size-on-external-display,Dock Is Tiny or Huge on My External Monitor,mac dock wrong size on external monitor,troubleshooting,answer,apple-discussions,high,Our per-display docks size independently per screen,4,troubleshooting,clean,planned
spaces-keep-reordering-mac,Mac Desktops Keep Changing Order,mac spaces rearrange themselves,troubleshooting,answer,apple-discussions,high,"Native fix, turn off automatically rearrange Spaces",4,troubleshooting,clean,planned
show-desktop-not-working-mac,Show Desktop Stopped Working on Mac,show desktop not working mac,troubleshooting,answer,apple-discussions,high,We bind Show Desktop to a click on the empty end of the dock,4,troubleshooting,CHECK: why-cmd-tab-does-not-show-minimized-windows-mac,planned
hot-corners-not-working-mac,Hot Corners Not Working on Mac,hot corners not working mac,troubleshooting,answer,apple-discussions,high,Our dock edge actions are a more reliable trigger with no corner overshoot,4,troubleshooting,CHECK: alt-tab-not-working-on-mac,planned
mission-control-doesnt-show-all-windows,Mission Control Not Showing All My Windows,mission control missing windows mac,troubleshooting,answer,reddit,high,Mission Control omits minimized and other-Space windows; our previews list every window,4,troubleshooting,CHECK: why-cmd-tab-does-not-show-minimized-windows-mac,planned
chrome-profile-shortcut-missing-mac,Chrome Create Shortcut for Profiles Missing on Mac,chrome create desktop shortcut mac profile,troubleshooting,answer,vendor,med,Chrome never shipped this on macOS; we give per-profile tiles as the actual answer,4,troubleshooting,CHECK: separate-dock-icon-for-each-chrome-profile-mac,planned
chrome-opens-wrong-profile,Chrome Keeps Opening the Wrong Profile,chrome opens wrong profile mac,troubleshooting,answer,reddit,high,Our tiles activate a specific profile's windows rather than whichever process AppKit lists first,4,troubleshooting,CHECK: separate-dock-icon-for-each-chrome-profile-mac,planned
cant-tell-chrome-windows-apart,Cannot Tell Which Chrome Window Is Which Profile,which chrome window is which profile mac,troubleshooting,answer,reddit,high,Per-profile tiles plus previews scoped to that profile only,4,troubleshooting,CHECK: chrome-profiles-on-mac-like-windows,planned
multiple-chrome-instances-one-icon,Multiple Chrome Instances Collapse Into One Dock Icon,multiple chrome windows one dock icon mac,troubleshooting,answer,stackexchange,high,We tile secondary Chrome processes separately by pid,4,troubleshooting,CHECK: chrome-profiles-vs-separate-instances,planned
command-tab-not-working-mac,Command-Tab Not Working on Mac,command tab not working mac,troubleshooting,answer,apple-discussions,high,Native fix plus our Option-Tab switcher as an independent path,4,troubleshooting,CHECK: why-cmd-tab-does-not-show-minimized-windows-mac,planned
app-not-in-accessibility-list,App Will Not Appear in the Accessibility List,app missing from accessibility list mac,troubleshooting,answer,apple-discussions,high,Native fix plus why removing then re-adding is required after an update,4,troubleshooting,clean,planned
tahoe-dock-icons-hard-to-tell-apart,Tahoe Dock Icons Are Hard to Tell Apart,tahoe transparent dock icons hard to see,troubleshooting,answer,reddit,high,Native fix plus our dock letting you set the panel tint directly,4,troubleshooting,CHECK: chrome-profile-dock-icons-mac,planned
tahoe-dock-glass-too-transparent,How to Make the Tahoe Dock Less Transparent,make dock less transparent macos tahoe,troubleshooting,answer,reddit,high,We expose an explicit tint colour rather than an all-or-nothing switch,4,troubleshooting,CHECK: windows-go-under-dock-macos-tahoe,planned
maximized-windows-under-dock-tahoe,Full-Screen Windows Hide Behind the Dock on macOS 26,window goes under dock macos tahoe,troubleshooting,answer,reddit,high,macOS 26 stopped reserving Dock space; we reserve the strip and resize offending windows,4,troubleshooting,CHECK: windows-go-under-dock-macos-tahoe,planned
dock-broken-after-wake-from-sleep,Mac Dock Is Broken After Waking From Sleep,dock not working after sleep mac,troubleshooting,answer,apple-discussions,high,Native fix plus our watchdog restoring dock state after a wake glitch,4,troubleshooting,clean,planned
uninstall-superdock-mac,How to Uninstall Superdock Completely,how to uninstall superdock,navigational,answer,none,high,"We hide the system Dock and run a watchdog, so getting your Dock back is a real question with a clean answer",4,trust-buying,clean,planned
superdock-screen-recording-permission,Why Superdock Asks for Screen Recording,why does app need screen recording permission mac,informational,answer,apple-discussions,high,It is optional and powers hover previews only; here is the one feature you lose if you decline,4,trust-buying,clean,planned
mac-app-no-telemetry,Superdock Sends No Telemetry: What Leaves Your Mac,mac apps no telemetry privacy,informational,answer,vendor,high,Enumerate the only outbound calls and invite the reader to confirm with Little Snitch,4,trust-buying,clean,planned
dock-app-mac-performance,Does a Dock Replacement Slow Down Your Mac,do dock apps slow down mac,informational,answer,reddit,high,"Publish measured idle CPU, hover CPU and memory. Do not publish without running the measurement",4,trust-buying,CHECK: best-dock-app-for-mac,planned
apple-cannot-check-for-malicious-software,What the Apple Cannot Check Warning Means,app cant be opened because apple cannot check it,troubleshooting,answer,vendor,med,Our build is notarized and stapled so most never see this; covers the quarantine edge case,4,trust-buying,clean,planned
client-guest-accounts-dock,Tell Your Client Windows Apart At A Glance,chrome profile per client color name identify,informational,answer,vendor,high,Colour coding stops at the browser chrome; our avatar puts that identity on the Dock,4,verticals,clean,planned
ubar-alternative,uBar Alternative for Mac,ubar alternative,commercial,alternative,vendor-roundups,med,uBar is $30 for a taskbar that looks nothing like macOS with a documented history of unfixed bugs; our dock is free and looks like Apple's,5,alternatives,clean,planned
cdock-alternative,cDock Alternative for macOS 26,cdock alternative,commercial,alternative,forum,high,"cDock's last build is 4.5.0 from Nov 2020, needs SIP disabled and never supported Apple Silicon; we are notarized and need no code injection",5,alternatives,clean,planned
hyperdock-alternative,HyperDock Alternative for Mac,hyperdock alternative,commercial,alternative,forum,high,HyperDock's previews stopped working on modern macOS; we give hover previews plus a dock following Liquid Glass,5,alternatives,clean,planned
contexts-alternative,Contexts Alternative for Mac,contexts alternative mac,commercial,alternative,vendor,high,Contexts was discontinued mid-2026; our switcher is free and profile tiles list windows per profile which Contexts never did,5,alternatives,clean,planned
parallel-spaces-alternative-page,Parallel Spaces Alternative for Mac,parallel spaces alternative,commercial,alternative,vendor,med,"Parallel Spaces gives each profile its own app with isolated data, a separate Chrome and a fresh sign-in; we separate profiles inside one Chrome",5,alternatives,CHECK: superdock-vs-parallel-spaces,planned
epichrome-alternative-page,Epichrome Alternative for Mac,epichrome alternative,commercial,alternative,github,high,Epichrome builds a separate Chrome app bundle per profile at roughly 2.8x memory and a re-login each; we add no second Chrome,5,alternatives,clean,planned
epichrome-vs-parallel-spaces,Epichrome vs Parallel Spaces,epichrome vs parallel spaces,comparison,comparison,none,high,Both spawn a second Chrome per profile; we quantify the memory and re-login cost neither page states,5,alternatives,CHECK: superdock-vs-parallel-spaces,planned
windows-like-taskbar-on-mac,The Mac Equivalent of the Windows Taskbar,mac equivalent of windows taskbar,commercial,alternative,reddit,med,Free dock replacement with hover previews and a window switcher,5,dock-windows,CHECK: chrome-profiles-on-mac-like-windows,planned
mac-equivalent-windows-show-desktop,Mac Equivalent of the Windows Show Desktop Button,mac equivalent of show desktop button windows,informational,answer,superuser,high,Clickable dock edges give a real Show Desktop target,5,dock-windows,CHECK: why-cmd-tab-does-not-show-minimized-windows-mac,planned
mac-equivalent-windows-taskbar-thumbnails,Mac Equivalent of Windows Taskbar Thumbnails,windows taskbar thumbnails mac equivalent,informational,answer,reddit,high,"Live per-window thumbnails on hover, free",5,dock-windows,clean,planned
show-all-windows-of-one-app-mac,How to See All Windows of One App on Mac,show all windows of one app mac,informational,answer,apple-discussions,high,Right-click or hover a tile for that app's full window list,5,dock-windows,CHECK: why-cmd-tab-does-not-show-minimized-windows-mac,planned
dock-icon-size-limit-mac,Why Your Mac Dock Will Not Get Any Bigger,mac dock icons too small cant make bigger,troubleshooting,answer,apple-discussions,high,Tiles size independently of how many items are in the row,5,dock-windows,CHECK: separate-dock-icon-for-each-chrome-profile-mac,planned
dock-magnification-laggy,Mac Dock Magnification Is Laggy,dock magnification laggy mac,troubleshooting,answer,apple-stackexchange,high,Magnification runs off a display link and tracks every vsync,5,dock-windows,clean,planned
dock-on-all-monitors-fullscreen,Dock Disappears When a Second Display Goes Full Screen,dock disappears fullscreen second monitor,troubleshooting,answer,apple-stackexchange,high,A real dock on every display,5,dock-windows,CHECK: dock-on-both-monitors-mac,planned
dock-per-display-running-apps,Show Only That Screen's Apps on Each Dock,dock per monitor running apps mac,commercial,answer,none,high,The only way to get a dock showing only that screen's windows,5,dock-windows,clean,planned
spaces-auto-switching-dock-click,Stop Mac Switching Desktops When You Click a Dock Icon,stop mac switching spaces dock icon,troubleshooting,answer,apple-stackexchange,high,Window list lets you pick the window on this space,5,dock-windows,CHECK: click-empty-dock-space-mission-control-show-desktop,planned
hot-corners-not-working-tahoe,Hot Corners Not Working on macOS Tahoe,hot corners not working macos 26,troubleshooting,answer,reddit,high,Clickable dock edges substitute for the broken trigger,5,dock-windows,CHECK: alt-tab-not-working-on-mac,planned
free-alternative-to-hyperdock,A Free Alternative to HyperDock in 2026,hyperdock alternative mac,commercial,alternative,small-app-site,med,"Hover previews and window lists free, active build for Tahoe",5,dock-windows,CHECK: free-mac-dock-alternative,planned
free-alternative-to-ubar,A Free Alternative to uBar,ubar alternative free,commercial,alternative,vendor,med,"Free dock, previews, switcher and multi-display, no subscription",5,dock-windows,CHECK: free-mac-dock-alternative,planned
best-free-dock-replacement-tahoe,The Best Free Dock Replacement for macOS Tahoe,free dock replacement macos tahoe,commercial,listicle,small-app-site,med,Built for Tahoe's Liquid Glass and measured against Apple's dock,5,dock-windows,CHECK: free-mac-dock-replacement-no-subscription,planned
option-tab-window-switcher-mac,An Option-Tab Window Switcher for Mac,window switcher mac option tab,commercial,answer,none,high,"Cycles windows not apps, and includes minimized ones",5,dock-windows,clean,planned
best-mac-apps-for-new-mac-owners,The First 12 Apps to Install on a New Mac,best mac apps for new mac owners first week,commercial-investigate,listicle,reddit,high,"Slot 3-5: the Dock is the first thing a new owner touches and Superdock fixes spacers, previews and per-monitor docks on day one",5,listicles,clean,planned
best-mac-apps-for-mac-mini,Essential Mac Apps for the Mac Mini,best mac apps for mac mini,commercial-investigate,listicle,reddit,high,"Slot: Mac mini is always a desktop on external monitors, so per-display docks are the pitch",5,listicles,clean,planned
alttab-alternative-page,AltTab Alternative for Mac: 6 Switchers Compared,alttab alternative mac,commercial,alternative,reddit,high,"The only alternative that is both a Dock replacement and a switcher, so the window list is always visible",5,switchers,clean,planned
contexts-replacement,Contexts Is Discontinued: What to Use Instead,contexts replacement mac,commercial,alternative,reddit,high,Contexts users want a window-level list; we provide it and it keeps working on current macOS,5,switchers,clean,planned
hyperswitch-alternative-page,HyperSwitch Alternative on Modern macOS,hyperswitch alternative mac,commercial,alternative,reddit,high,HyperSwitch is abandoned and breaks per OS release; we ship previews plus Option-Tab on a maintained build,5,switchers,clean,planned
ubar-alternative-free,uBar Alternative: A Free Windows-Style Dock,ubar alternative mac,commercial,alternative,publisher,high,uBar is paid and skeuomorphic; we deliver taskbar behaviours on a native Liquid Glass Dock for free,5,switchers,CHECK: free-mac-dock-alternative,planned
best-mac-window-switchers,The 9 Best Mac Window Switchers,best mac window switcher,commercial,listicle,reddit,high,"The only roundup by a team that replaced the Dock, covering the mouse-first option keyboard lists skip",5,switchers,clean,planned
best-alt-tab-apps-mac,Best Alt-Tab Apps for Mac Ranked,best alt tab app for mac,commercial,listicle,reddit,high,"Ranked by what Windows switchers actually expect, not by feature count",5,switchers,CHECK: alt-tab-on-mac,planned
mac-apps-for-windows-switchers,12 Mac Apps Every Windows Switcher Installs First,best mac apps for windows switchers,commercial,listicle,publisher,med,Organised by the Windows habit each app restores,5,switchers,clean,planned
windows-to-mac-first-week,Switching From Windows to Mac: First Week Checklist,switching from windows to mac guide,informational,pillar,reddit,med,Ordered by what breaks your muscle memory first,5,switchers,clean,planned
windows-to-mac-what-to-install,What to Install First When You Switch From Windows,what to install switching from windows to mac,informational,listicle,reddit,high,A short opinionated list with the window-switching gap fixed first,5,switchers,clean,planned
mac-no-taskbar,macOS Has No Taskbar: What to Use Instead,mac taskbar equivalent,informational,answer,reddit,high,The Dock is not a taskbar; we explain the gap and how to close it,5,switchers,clean,planned
windows-taskbar-on-mac,How to Get a Windows-Style Taskbar on macOS,windows taskbar for mac,commercial,comparison,reddit,high,Every taskbar clone ranked by which behaviour it restores,5,switchers,clean,planned
see-all-open-windows-mac,How to See All Your Open Windows on a Mac,see all open windows mac,informational,answer,apple-discussions,high,"The built-in options and their limits, then the persistent-list fix",5,switchers,clean,planned
mac-switch-between-monitors,Switching Windows Across Multiple Monitors,mac switch windows between monitors,informational,answer,apple-discussions,high,"Per-display tiles showing only that screen's windows, which no built-in does",5,switchers,CHECK: switch-between-windows-same-app-mac,planned
dock-on-every-monitor,How to Get the Dock on Every Monitor,mac dock on all monitors,informational,answer,apple-discussions,high,Apple moves one Dock between screens; we draw one per display,5,switchers,CHECK: dock-not-showing-on-second-monitor-mac,planned
mac-window-previews-on-hover,How to Get Hover Window Previews on the Dock,mac dock hover preview,informational,answer,reddit,high,Live previews from a Dock that owns its own tiles,5,switchers,CHECK: dock-window-previews-on-hover-mac,planned
switch-chrome-windows-mac-page,Switching Between Chrome Windows on a Mac,switch between chrome windows mac,informational,answer,reddit,high,Chrome windows get first-class treatment including one tile per profile,5,switchers,CHECK: chrome-profiles-on-mac-like-windows,planned
dock-auto-hide-keeps-turning-itself-back-on,Dock Auto-Hide Keeps Turning Itself Back On,why does my dock automatically hide keep getting re-enabled,troubleshooting,answer,apple-discussions,high,Native fix plus context: an app is writing the autohide key; our dock ignores the system key entirely,5,troubleshooting,clean,planned
dock-wont-stay-on-one-monitor,Mac Dock Will Not Stay on One Monitor,mac dock wont stay on second monitor,troubleshooting,answer,apple-discussions,high,We render a dock on every display at once so there is nothing to move,5,troubleshooting,CHECK: dock-not-showing-on-second-monitor-mac,planned
minimized-windows-not-in-command-tab,Minimized Windows Missing When Switching Apps,minimized windows missing mac switcher,troubleshooting,answer,apple-discussions,high,Our switcher lists minimized windows as separate entries which Command-Tab structurally cannot,5,troubleshooting,CHECK: why-cmd-tab-does-not-show-minimized-windows-mac,planned
cant-find-open-window-mac,Cannot Find an Open Window on My Mac,where did my window go mac cant find it,troubleshooting,answer,reddit,high,Hover previews show every window of that app including ones on other Spaces,5,troubleshooting,clean,planned
too-many-windows-same-app,Too Many Windows of the Same App and No Way to Tell Them Apart,mac switch between windows of same app,troubleshooting,answer,apple-discussions,high,Hover previews show live thumbnails plus the title so identical apps are distinguishable,5,troubleshooting,CHECK: switch-between-windows-same-app-mac,planned
apps-open-on-wrong-monitor-mac,Mac Apps Keep Opening on the Wrong Monitor,mac apps open on wrong monitor,troubleshooting,answer,apple-discussions,high,Native fix plus context on why the primary display setting resets,5,troubleshooting,clean,planned
dock-only-on-one-display,How to Get the Dock on Every Display,mac dock on all monitors,informational,answer,reddit,high,We draw a real dock on every display simultaneously which macOS cannot do at all,5,troubleshooting,clean,planned
mission-control-stopped-working,Mission Control Stopped Working on Mac,mission control not working mac,troubleshooting,answer,apple-discussions,high,Native fix is killall Dock because Mission Control is the Dock process; our edge actions survive it,5,troubleshooting,CHECK: click-empty-dock-space-mission-control-show-desktop,planned
chrome-profiles-one-dock-icon-ts,Why All My Chrome Profiles Share One Dock Icon,chrome profiles one dock icon mac,troubleshooting,answer,stackexchange,high,"Exactly our paid feature, one tile per profile without separate user-data-dirs",5,troubleshooting,CHECK: chrome-profiles-on-mac-like-windows,planned
separate-dock-icon-per-chrome-profile-ts,How to Get a Separate Dock Icon for Each Chrome Profile,separate dock icon for each chrome profile mac,informational,answer,stackexchange,high,We do it natively; every alternative runs duplicate Chrome at roughly 2.8x the RAM,5,troubleshooting,CHECK: chrome-profiles-vs-separate-instances,planned
chrome-work-and-personal-same-icon,Separating Work and Personal Chrome on a Mac,separate work and personal chrome mac,informational,answer,reddit,high,Per-profile tiles keep both signed in in one process instead of a second browser,5,troubleshooting,CHECK: separate-dock-icon-for-each-chrome-profile-mac,planned
accessibility-permission-keeps-resetting,Accessibility Permission Keeps Turning Itself Off,accessibility permission keeps resetting mac,troubleshooting,answer,apple-discussions,high,"The real cause is TCC keyed to the code signature, which no forum thread states plainly",5,troubleshooting,clean,planned
screen-recording-permission-not-working,Screen Recording Granted But App Still Cannot See Windows,screen recording permission not working mac,troubleshooting,answer,apple-discussions,high,The grant is cached per process so the app must be relaunched; almost no thread says this,5,troubleshooting,CHECK: alt-tab-not-working-on-mac,planned
is-superdock-safe,Is Superdock Safe: What It Does and How to Verify,is superdock safe,navigational,answer,none,high,"Publish the Developer ID, the notarization ticket, and the exact commands a reader can run",5,trust-buying,clean,planned
accessibility-permission-mac-safe,What Accessibility Permission Actually Lets a Mac App Do,is it safe to give an app accessibility permission mac,informational,answer,vendor,high,"We are the app asking, so we explain the exact AX calls and that keylogging needs Input Monitoring which we never request",5,trust-buying,clean,planned
superdock-vs-app-store,Why Superdock Is Not on the Mac App Store,why is this mac app not on the app store,informational,answer,publisher,med,We genuinely cannot ship there because SkyLight SPI and the sandbox forbid drawing a dock,5,trust-buying,clean,planned
superdock-worth-it,Is Superdock Worth $7.99,superdock worth it,commercial,answer,none,high,"The dock is free forever and the paid tier is one feature; one-time, 5 Macs, licence fails open",5,trust-buying,clean,planned
msp-client-tenant-dock-icons,One Dock Icon Per Client Tenant on Mac,manage multiple microsoft 365 tenants browser profiles mac,commercial,answer,reddit,high,They already run 10-40 profiles; we give each a tile with its own avatar. Chrome-only so Edge users are unserved,5,verticals,CHECK: chrome-profile-dock-icons-mac,planned
bookkeeper-client-portal-dock,A Dock Icon For Every Client's Books,switch between quickbooks online practices chrome profiles,commercial,answer,vendor,high,The user already invented our workflow by hand and describes the payoff in their own words,5,verticals,clean,planned
multiple-businesses-one-mac,Run Two Businesses From One Mac Without Logging Out,best browser for multiple business google accounts mac,commercial,answer,reddit,high,"They churned through Arc, Zen and Firefox containers; we do not replace the browser",5,verticals,clean,planned
six-chrome-profiles-mac,"Six Chrome Profiles, Six Dock Icons",how to open specific chrome profile from dock mac,informational,answer,stackexchange,high,The best ranking answer is a 2012 Stack Exchange thread about AppleScript,5,verticals,CHECK: chrome-profiles-on-mac-like-windows,planned
